{
    "avg": {
        "wmc": 1.83,
        "ccn": 1.13,
        "bugs": 0.02,
        "kanDefect": 0.16,
        "relativeSystemComplexity": 11.65,
        "relativeDataComplexity": 0.35,
        "relativeStructuralComplexity": 11.3,
        "volume": 54.72,
        "commentWeight": 38.03,
        "intelligentContent": 33.11,
        "lcom": 1.65,
        "instability": 0.94,
        "afferentCoupling": 0.35,
        "efferentCoupling": 1.63,
        "difficulty": 0.68,
        "mi": 133.6,
        "distance": 0.08,
        "incomingCDep": 1.25,
        "incomingPDep": 0.38,
        "outgoingCDep": 4.25,
        "outgoingPDep": 3.25,
        "classesPerPackage": 5
    },
    "sum": {
        "loc": 1048,
        "cloc": 433,
        "lloc": 615,
        "nbMethods": 68,
        "nbClasses": 40,
        "nbInterfaces": 0,
        "nbPackages": 8,
        "violations": {
            "total": 3,
            "information": 0,
            "warning": 1,
            "error": 2,
            "critical": 0
        }
    }
}